keyword,volume
nfl scores,20400000
nfl scores for,20400000
nfl scores for today,1000000
nfl scores for the day,1000000
nfl scores of the day,1000000
nfl scores today,1000000
today's nfl scores,1000000
nfl scores of today,1000000
espn-nfl scores,450000
nfl scores espn,450000
espn nfl scores,450000
nfl scores football,165000
nfl scores this weekend,74000
nfl scores by week,74000
this weekend nfl scores,74000
nfl scores this week,74000
weekend nfl scores,74000
nfl scores from the weekend,74000
nfl scores for this weekend,74000
cbs nfl scores,49500
nfl scores for today's games,49500
nfl scores games today,49500
nfl scores cbs,49500
nfl scores for today games,49500
nfl scores on today's games,49500
nfl scores today's game,49500
nfl scores live,40500
nfl scores from yesterday,40500
yesterday nfl scores,40500
live nfl scores,40500
nfl scores yesterday,40500
nfl scores 2021,33100
nfl scores games,33100
nfl scores week 1,27100
nfl scores for week 1,27100
nfl scores today 2021,27100
nfl scores from week 1,27100
week 1 nfl scores,27100
nfl scores playoffs,22200
nfl scores today football,22200
playoffs nfl scores,22200
football nfl scores today,22200
week 2 nfl scores,18100
nfl scores week 2,18100
nfl scores for week 2,18100
nfl scores today 2022,18100
week 3 nfl scores,14800
preseason nfl scores,14800
sunday nfl scores,14800
nfl scores for week 3,14800
nfl scores preseason,14800
nfl scores from sunday,14800
nfl scores week 3,14800
nfl scores sunday,14800
nfl scores from tonight,12100
yahoo nfl scores,12100
nfl scores yahoo,12100
nfl scores tonight,12100
week 5 nfl scores,9900
nfl scores week 4,9900
nfl scores currently,9900
nfl scores week 5,9900
week 4 nfl scores,9900
nfl scores and odds,9900
nfl scores for week 5,9900
nfl scores for week 4,9900
current nfl scores,9900
nfl scores for week 6,8100
nfl scores last night,8100
nfl scores week 6,8100
week 6 nfl scores,8100
nfl scores from last night,8100
nfl scores espn today,6600
espn nfl scores today,6600
nfl scores week 8,6600
nfl scores for today espn,6600
espn nfl scores for today,6600
nfl scores week 7,6600
nfl scores for week 7,6600
nfl scores today espn,6600
nfl scores for week 8,6600
nfl scores 2022,6600
today's nfl scores espn,6600
week 7 nfl scores,6600
week 8 nfl scores,6600
nfl scores for week 10,5400
nfl scores updates,5400
all nfl scores,5400
nfl scores week 9,5400
predicting nfl scores,5400
predicted nfl scores,5400
nfl scores for week 9,5400
nfl scores update,5400
nfl scores up to date,5400
week 10 nfl scores,5400
up-to-date nfl scores,5400
nfl scores week 10,5400
nfl scores up-to-date,5400
up to date nfl scores,5400
nfl scores predictions,5400
