keyword,volume
nfl scores for,20400000
nfl scores,20400000
nfl-scores,20400000
nfl scores for today,1000000
today's nfl scores,1000000
nfl scores for the day,1000000
nfl scores of today,1000000
nfl-scores-today,1000000
nfl today scores,1000000
nfl scores today,1000000
nfl scores of the day,1000000
nfl espn scores,450000
espn nfl scores,450000
espn-nfl-scores,450000
nfl scores espn,450000
espn-nfl scores,450000
nfl-football scores,165000
nfl football scores,165000
nfl scores football,165000
nfl scores by week,74000
this weekend nfl scores,74000
nfl scores from the weekend,74000
nfl scores for this weekend,74000
weekend nfl scores,74000
nfl scores this weekend,74000
nfl scores this week,74000
nfl today's games scores,49500
nfl game scores today,49500
nfl today game scores,49500
nfl games today scores,49500
nfl scores today's game,49500
nfl scores cbs,49500
cbs nfl scores,49500
nfl scores for today's games,49500
nfl scores games today,49500
nfl scores for today games,49500
today's nfl game scores,49500
nfl today games scores,49500
nfl cbs scores,49500
today nfl games scores,49500
nfl scores on today's games,49500
nfl scores yesterday,40500
nfl yesterday scores,40500
live nfl scores,40500
nfl scores live,40500
yesterday nfl scores,40500
nfl scores from yesterday,40500
nfl live scores,40500
nfl scores 2021,33100
nfl scores games,33100
nfl game scores,33100
nfl games scores,33100
nfl scores from week 1,27100
nfl scores today 2021,27100
nfl scores week 1,27100
week 1 nfl scores,27100
nfl scores for week 1,27100
nfl week 1 scores,27100
nfl playoffs scores,22200
nfl scores today football,22200
nfl football scores of today,22200
playoffs nfl scores,22200
nfl football scores for today,22200
nfl football scores today,22200
football nfl scores today,22200
nfl playoff scores,22200
nfl today football scores,22200
nfl football today scores,22200
nfl scores playoffs,22200
nfl scores for week 2,18100
week 2 nfl scores,18100
nfl scores week 2,18100
nfl scores today 2022,18100
nfl box scores,18100
nfl week 2 scores,18100
nfl scores for week 3,14800
week 3 nfl scores,14800
nfl scores preseason,14800
nfl sunday scores,14800
nfl week 3 scores,14800
nfl scores from sunday,14800
nfl scores sunday,14800
nfl scores week 3,14800
preseason nfl scores,14800
nfl preseason scores,14800
sunday nfl scores,14800
yahoo nfl scores,12100
nfl scores yahoo,12100
nfl scores tonight,12100
nfl scores from tonight,12100
nfl yahoo scores,12100
nfl scores week 5,9900
week 4 nfl scores,9900
nfl week 4 scores,9900
nfl scores week 4,9900
nfl-week 4 scores,9900
nfl com scores,9900
current nfl scores,9900
nfl scores and odds,9900
nfl scores for week 5,9900
